{"cameraMode":{"drawMode":0,"name":"Shaded","section":"Shading Mode"},"sceneLighting":true,"audioPlay":false,"sceneViewState":{"showFog":true,"showMaterialUpdate":false,"showSkybox":true,"showFlares":true,"showImageEffects":true,"showParticleSystems":true},"in2DMode":false,"pivot":{"x":-3.326906204223633,"y":-1.4262380599975587,"z":4.058574676513672},"rotation":{"x":-0.23883633315563203,"y":0.033102866262197497,"z":-0.00814660731703043,"w":-0.9704627990722656},"size":13.391975402832032,"orthographic":false}